{"cameraMode":{"drawMode":0,"name":"Shaded","section":"Shading Mode"},"sceneLighting":true,"audioPlay":false,"sceneViewState":{"m_AlwaysRefresh":false,"showFog":true,"showSkybox":true,"showFlares":true,"showImageEffects":true,"showParticleSystems":true,"showVisualEffectGraphs":true,"m_FxEnabled":true},"in2DMode":false,"pivot":{"x":-0.12681178748607636,"y":0.9044817686080933,"z":0.29947394132614138},"rotation":{"x":-0.11555053293704987,"y":-0.003876512637361884,"z":0.00045107814366929233,"w":-0.9932994842529297},"size":0.647394597530365,"orthographic":false}